,Pattern_1,Pattern_2,Pattern_8,Pattern_Cluster
AAACGGGGTCAAAGCG-2,0.426137281582256,0.297941904184687,-0.140666441547711,Pattern_1
AAAGCAATCCCTGACT-2,0.338431476354984,0.375629158544985,-0.186396154128436,Pattern_2
AAATGCCAGCCTTGAT-2,0.279861750594216,0.209472704524829,0.057655152638375,Pattern_1
AACCATGCACATTAGC-2,0.273349739723226,0.352377211520898,-0.0031767237090712,Pattern_2
AACTCAGTCCGAGCCA-2,0.138223377836435,0.322022404889028,0.0098536595116398,Pattern_2
AACTCTTCATCCCACT-2,0.0918080913371948,0.0638236512945169,0.088485331203133,Pattern_1
AACTCTTTCTCGATGA-2,0.311223067622663,0.358566888583684,-0.101980366161434,Pattern_2
AACTTTCCACCTATCC-2,0.234462081737908,0.56698028206777,-0.311512674830469,Pattern_2
AAGGAGCAGGAGTTGC-2,0.422177125910706,0.145489933870191,0.125183049188305,Pattern_1
AAGGCAGAGAAACGAG-2,0.200461590395286,0.30014910706695,0.0009851396064447,Pattern_2
AAGGCAGGTTCACGGC-2,0.183669125643883,0.376245819210153,-0.195563965005066,Pattern_2
AAGTCTGAGACTGGGT-2,0.0195286590681039,-0.0649858603086728,0.218404201462356,Pattern_8
ACACCAAAGTGGACGT-2,0.0785203386367765,-0.0541815732990026,0.126579848037014,Pattern_8
ACACCAACATGGATGG-2,0.300152773485707,0.102024994219584,0.0606784695955755,Pattern_1
ACATCAGTCACTCCTG-2,-0.0989277154048979,-0.0220329423464601,0.182288389423763,Pattern_8
ACATGGTCAGGGTATG-2,0.312706127200764,0.376209949700938,-0.0942169976976614,Pattern_2
ACCAGTAGTCGGGTCT-2,0.221436247642714,0.398694307554075,-0.132948986970577,Pattern_2
ACCAGTATCCGCATAA-2,0.204901099996318,-0.0676560921262822,0.250330959638368,Pattern_8
ACCTTTACAGAAGCAC-2,-0.0231244021603269,-0.0653741944312787,0.252431189044354,Pattern_8
ACGAGCCCAAACCCAT-2,0.193228283680612,0.178751954660286,0.105320840694704,Pattern_1
ACGCAGCCATCGATTG-2,-0.0318051224277969,-0.172333892679942,0.321363187305651,Pattern_8
ACGCAGCGTTAAAGTG-2,0.037601953335541,0.405573689054131,-0.03527264582944,Pattern_2
ACGGAGAGTTATCCGA-2,0.187869320681607,0.148625759374156,0.111565883682141,Pattern_1
ACGGCCACATACGCCG-2,0.214715187637712,0.322831700567867,-0.0720695237270017,Pattern_2
ACGGGCTGTAAGTGGC-2,0.0084250421113324,0.0748756853785238,0.203004638360231,Pattern_8
ACGTCAAAGTCAAGCG-2,-0.0374756940541941,-0.197460258684824,0.37308283436839,Pattern_8
ACTGAACGTGTCCTCT-2,0.283037724521339,0.458174216678799,-0.147803220813447,Pattern_2
ACTGAGTAGTACGATA-2,0.231608652416072,0.240867281180859,0.0105063174288548,Pattern_2
ACTGAGTCATGGTTGT-2,0.262747524715072,0.393775685985145,-0.20875453130799,Pattern_2
ACTGATGCAGCTCCGA-2,0.132091268097766,0.453267384110629,-0.208265074974452,Pattern_2
ACTGATGTCAATCTCT-2,0.244541296581453,0.418775084134157,-0.23961174969105,Pattern_2
ACTGATGTCCTGTACC-2,0.172221648421408,0.403506211588431,-0.154772418992711,Pattern_2
ACTGCTCAGTGAATTG-2,0.309192477959173,0.503211696524741,-0.290940171123283,Pattern_2
ACTGTCCAGAGACGAA-2,0.304807937597174,0.19635020648819,0.0108326916959198,Pattern_1
ACTTACTTCCGAAGAG-2,0.0326038874551993,-0.0030181832351457,0.135692660154837,Pattern_8
ACTTACTTCTCCTATA-2,0.228733656580463,0.410946840784776,-0.136511777840383,Pattern_2
ACTTTCATCCTGCCAT-2,0.327250891512092,0.344046773999231,-0.13619192465103,Pattern_2
AGAGCGAAGGTAGCCA-2,0.136610107740549,0.259490084783206,-0.116968482109387,Pattern_2
AGAGCGAAGGTGATAT-2,0.313997732238535,0.181841127240622,-0.0081452211801599,Pattern_1
AGAGCTTGTGAGGCTA-2,0.418537454367318,0.408350447284035,-0.158087312863,Pattern_1
AGATCTGAGATGCGAC-2,0.146254933188464,0.382792876778549,-0.144727933968139,Pattern_2
AGGGATGGTCATATGC-2,0.0214181181989898,-0.202172406867976,0.254026390595202,Pattern_8
AGGGATGGTGTGGCTC-2,0.0609643839569749,-0.12796530599586,0.217080427987638,Pattern_8
AGGGTGACAAAGGAAG-2,-0.0194018834795548,-0.172421943777434,0.351274832751692,Pattern_8
AGGGTGAGTTTGACTG-2,-0.067106196177522,-0.0272689841167852,0.261448915153896,Pattern_8
AGGTCCGGTCCTCTTG-2,0.428187996667024,0.141843652971488,0.0466409663575341,Pattern_1
AGTGTCAAGAATGTGT-2,0.439679299249761,0.322563835008097,-0.147999834911802,Pattern_1
AGTTGGTCAGCCTTTC-2,0.0120074033621346,-0.113729329863995,0.258050551959347,Pattern_8
ATAGACCTCTCTGCTG-2,0.294045721013822,0.376339152916395,-0.188932002801241,Pattern_2
ATCATGGCAATGGAAT-2,0.329709726674766,0.311300284847418,-0.0343123473196564,Pattern_1
ATCCGAAAGAAGCCCA-2,0.0461015053921106,-0.0990588157653911,0.198161864474554,Pattern_8
ATCCGAACACTTACGA-2,0.285788211772288,0.388043064316655,-0.182808867404214,Pattern_2
ATCTGCCGTGGCTCCA-2,0.270343558037505,0.394688689449973,-0.0944334830908621,Pattern_2
ATGCGATCAGTAAGCG-2,0.0678801788226783,0.281386210830457,-0.0063279907922716,Pattern_2
ATGGGAGAGCAGCCTC-2,0.29285956131988,0.251838816737914,0.0216175234327994,Pattern_1
ATGGGAGTCTTATCTG-2,0.0339705093750098,-0.0643057308692104,0.189553438215829,Pattern_8
ATGTGTGGTTCTCATT-2,0.122564838172351,0.224025773288683,-0.0929904516959594,Pattern_2
ATTATCCGTCACTGGC-2,-0.0030555460615558,-0.103898483125916,0.255225811075573,Pattern_8
ATTCTACAGCTGCAAG-2,0.414909001698965,0.288636613638629,-0.149934062369296,Pattern_1
ATTGGACAGCCGTCGT-2,0.0688145913421573,0.130804886694381,0.157186661928791,Pattern_8
ATTGGTGCAGCCACCA-2,-0.133195540420331,-0.0452704596424085,0.129603504087603,Pattern_8
CACACCTGTCCAAGTT-2,0.194138979130069,0.128932941048731,0.0395545136554689,Pattern_1
CACAGGCAGAGACTAT-2,-0.176125264996216,-0.0810507525032819,0.186011189785271,Pattern_8
CACAGGCCAATGGTCT-2,0.142717621237727,0.197113767678736,0.106292723577032,Pattern_2
CACCTTGCACACCGCA-2,0.191625949283742,0.235611271853591,0.0742123882997328,Pattern_2
CAGAATCCACCGTTGG-2,0.160240296014508,0.248512672832122,0.0876484060789283,Pattern_2
CAGATCAAGCGTAGTG-2,0.348582637427115,0.408735585497819,-0.191218290402388,Pattern_2
CAGCATACAGCTTCGG-2,0.0888786538463597,0.365973064017189,-0.121758254126161,Pattern_2
CAGCCGATCCGTTGTC-2,0.20661666932278,0.315844353906745,-0.032372142737034,Pattern_2
CAGGTGCCAGTCTTCC-2,0.33856726469928,0.172621914221893,0.0386555823170471,Pattern_1
CATATTCCACGGTGTC-2,0.271354287601631,0.146235152405441,0.15677983868935,Pattern_1
CATCAGACAACGATGG-2,-0.0601185587521747,-0.105278592649365,0.213547445452012,Pattern_8
CATGACAGTATAGGTA-2,0.218088370342027,0.226364348320893,-0.0093215364392813,Pattern_2
CATGACAGTGACAAAT-2,0.142145918850527,0.384955050875645,-0.0365973983872555,Pattern_2
CATTCGCCAGTCAGAG-2,0.243222619950156,0.112500892420886,-0.0731007156762694,Pattern_1
CCAATCCAGGTACTCT-2,-0.128652135605172,-0.153656953996201,0.261832696609349,Pattern_8
CCAATCCCACGAAATA-2,-0.0266572329476223,-0.0644002525646987,0.168588585287178,Pattern_8
CCAATCCTCAAGATCC-2,0.338686365787464,0.424625443113664,-0.246691752025424,Pattern_2
CCACCTACAATCGGTT-2,0.367376486213123,0.231170587309171,-0.0633512077300192,Pattern_1
CCACTACAGTCATCCA-2,-0.129746532113187,0.301958674687921,-0.062009536452962,Pattern_2
CCATTCGTCCCTAATT-2,-0.089474323079466,-0.104532449539404,0.353661321532629,Pattern_8
CCGTTCAAGCGAGAAA-2,0.382382992591579,0.36781734815878,-0.200092114029144,Pattern_1
CCTAAAGTCCCTTGCA-2,0.284887183541416,0.47406608301269,-0.204366180082091,Pattern_2
CCTCTGAGTTAAGGGC-2,-0.0070294577992169,-0.124380032041923,0.253234456812,Pattern_8
CCTTCCCTCCTTTACA-2,0.351976302706592,0.255980955308738,-0.122387327439514,Pattern_1
CCTTCGAAGGCTAGGT-2,0.0716422625698771,0.0571947202359047,0.0436199298850128,Pattern_1
CGCGGTAAGGACTGGT-2,0.359318878990245,0.232420665610503,-0.128117409154197,Pattern_1
CGCGTTTCAAGAGTCG-2,0.21683599610444,0.318588735192018,-0.0780263287162933,Pattern_2
CGCGTTTTCTCGCTTG-2,0.0113408725862321,-0.0490061899470894,0.128797076308563,Pattern_8
CGCTTCACATTATCTC-2,0.150365949419461,0.345136733454313,-0.113532353796523,Pattern_2
CGGACTGAGGCTCAGA-2,-0.069942858841213,-0.0081199251516107,0.133552765216999,Pattern_8
CGGAGCTCAGCTGTTA-2,0.0100213680102274,-0.109713331699862,0.265089068155511,Pattern_8
CGGAGTCCAAGAGTCG-2,0.543975889532109,0.400750374064248,-0.21840162676971,Pattern_1
CGGCTAGTCGCGATCG-2,0.0968607739846228,-0.0289887315191894,0.0967203217070262,Pattern_1
CGTCACTAGTCGATAA-2,0.254762438797116,0.399303813187973,-0.176322893343527,Pattern_2
CGTCCATAGGACAGAA-2,-0.0893383791316769,-0.0266074427982869,0.321529636601819,Pattern_8
CGTCCATCATCACGAT-2,0.295980012777743,0.259348360800545,-0.0448153004697037,Pattern_1
CGTCCATCATCCTTGC-2,0.201621411251772,0.307070436755969,-0.0310746915804409,Pattern_2
CGTCTACAGATGGCGT-2,0.264241134497765,0.197739369119618,-0.0060283009431262,Pattern_1
CGTTAGACAGCCACCA-2,0.0896243688356878,-0.0128413887780859,0.042947833775905,Pattern_1
CGTTCTGTCTCTAGGA-2,0.42850314730941,0.404123800468506,-0.262876951970876,Pattern_1
CGTTGGGGTTTCGCTC-2,0.0788217524658227,0.277224015538239,-0.0235237465286277,Pattern_2
CTAATGGGTGTCTGAT-2,0.163346014464385,0.0866449008513772,0.2097416897987,Pattern_8
CTACATTCAAGAGTCG-2,0.279710863140436,0.388365126789281,-0.223830105707143,Pattern_2
CTAGCCTGTGCCTGCA-2,0.199110102370122,0.173711347294206,-0.100468400782836,Pattern_1
CTCAGAAAGGCGACAT-2,0.398642283427887,0.360985962983582,-0.165470749424213,Pattern_1
CTCGAGGAGACACTAA-2,-0.279247617952885,-0.0898601980063427,0.201581272763728,Pattern_8
CTCGAGGCAGGTCCAC-2,0.110524210448632,0.364937513829607,-0.0885973958211375,Pattern_2
CTCGTCAAGGTGCTAG-2,-0.0438082529532001,-0.0564757213707425,0.0867359632933308,Pattern_8
CTCTACGGTTGATTGC-2,0.0584654533184709,-0.057068175865666,0.224908224109848,Pattern_8
CTCTACGTCCGCGGTA-2,0.150927387796454,-0.0073631797062086,0.137809175704598,Pattern_1
CTGATAGGTGATGATA-2,-0.146857630419272,-0.122460928802073,0.359540262719507,Pattern_8
GAACCTACACAGGAGT-2,0.322901473837451,0.34386034288061,-0.0911824829983542,Pattern_2
GAACCTAGTGTTGAGG-2,0.0101084331304509,0.406148666073105,-0.0292027832246468,Pattern_2
GAATAAGGTAGCGTAG-2,0.351746511577225,0.430614654482048,-0.244090666854661,Pattern_2
GACACGCTCAAAGACA-2,0.165550051968325,0.252010863980772,-0.0779405265768528,Pattern_2
GACGCGTTCCGTTGTC-2,0.0728472921439395,-0.0119332927610209,0.13729020063905,Pattern_8
GACGTTATCGTGGTCG-2,-0.076162624953678,-0.178579753324163,0.338024278238037,Pattern_8
GACTGCGTCTGATTCT-2,0.354962798934649,0.347420682046806,-0.114750562368136,Pattern_1
GAGGTGAGTATGAATG-2,0.288808753842525,0.31011818542888,-0.12117339142685,Pattern_2
GAGTCCGTCCACGAAT-2,0.290337936370778,0.251845732132352,-0.0184341432546544,Pattern_1
GATCGATCATGTAGTC-2,0.0670290950065411,0.600580619342723,-0.305546125490276,Pattern_2
GATCGATTCAGCAACT-2,0.462577683413653,0.447045000150598,-0.180411439512401,Pattern_1
GATCGATTCGAGCCCA-2,0.182453064445411,0.150068137847953,0.0968997308011114,Pattern_1
GATCGATTCTACGAGT-2,-0.0616186977195801,-0.0917334405844563,0.208690674843333,Pattern_8
GATCTAGTCGTATCAG-2,0.315228598338858,0.330002634382713,-0.0066253075576543,Pattern_2
GATGCTACATCTCCCA-2,0.0944668715920662,-0.0382489199015105,0.116461331507673,Pattern_8
GCAAACTGTAGCCTCG-2,0.590603663870269,0.29243826182196,-0.148931762711251,Pattern_1
GCAATCAAGCTAGGCA-2,0.0958556563811696,0.232802260525199,-0.0918657437234855,Pattern_2
GCAATCAGTAATAGCA-2,0.0423032293723987,-0.0352688368073692,0.252984733285251,Pattern_8
GCAATCAGTCTCTCTG-2,-0.142441226722994,-0.0452652551241357,0.226219361171296,Pattern_8
GCACTCTCACAGATTC-2,0.457639788546581,0.475665140790247,-0.186423201216088,Pattern_2
GCACTCTTCGGCCGAT-2,0.277343172607079,0.326025864640775,-0.0320876372968359,Pattern_2
GCAGCCATCGGCGCAT-2,-0.18140048255422,-0.0626431473907367,0.0963436604305232,Pattern_8
GCATGATTCCGCATAA-2,0.182879852688382,0.262294644210678,0.0135137604556217,Pattern_2
GCATGTACATGTAAGA-2,0.445484635377195,0.387477236684641,-0.164521921243681,Pattern_1
GCCAAATGTAGAGCTG-2,0.0292940243966222,-0.159944779045795,0.380963620250665,Pattern_8
GCCAAATTCACTGGGC-2,0.300915947886667,0.439835294990623,-0.143683654109567,Pattern_2
GCGACCAGTTCCCTTG-2,0.0958077745396979,0.179613972441531,0.0567654720624033,Pattern_2
GCGAGAATCCGTACAA-2,0.305238030109812,0.226992928055645,0.0596162408679372,Pattern_1
GCGCAACCATGCAACT-2,0.211922099040374,0.327870107305747,-0.171403432408064,Pattern_2
GCGCGATTCAACGGCC-2,0.227802822456027,-0.045998935373094,0.131919125569991,Pattern_1
GCTGGGTAGGCATGGT-2,0.168413207397353,0.333765541636744,-0.0786470076400015,Pattern_2
GCTTGAATCGATAGAA-2,0.383537267917354,0.296944655330227,-0.0216054441199315,Pattern_1
GGAAAGCAGTGGAGTC-2,-0.0745610445905662,-0.0420526245651946,0.231174012731009,Pattern_8
GGAACTTCAGACAAGC-2,0.0573323991104925,-0.145472418058451,0.290274109751167,Pattern_8
GGAACTTGTTCCATGA-2,0.237773481029548,0.398960897907571,-0.194057557603713,Pattern_2
GGAATAATCGCCGTGA-2,0.220851634122742,0.297178495989444,0.0210665515399054,Pattern_2
GGACAGAGTCGCGTGT-2,0.0424810541185282,-0.0313047400096874,0.14390709898142,Pattern_8
GGACGTCAGACGCACA-2,0.390479024503937,0.255633972330062,0.0165476929142974,Pattern_1
GGACGTCCACAGACAG-2,0.36777556074131,0.174750566486974,0.0070631176904974,Pattern_1
GGCCGATAGAAACGCC-2,-0.123959795099171,-0.15210721513851,0.314266018604556,Pattern_8
GGCCGATGTACGCACC-2,0.245892112260628,0.342310518123778,-0.082442575585961,Pattern_2
GGCTGGTAGTCCGTAT-2,-0.0217787410696943,-0.0618174967052219,0.0575912050176805,Pattern_8
GGGAGATCATCCTTGC-2,0.318124457454521,0.140524253660978,-0.0093296439916525,Pattern_1
GGGCATCAGATGTCGG-2,0.297745302800824,0.205842790235361,-0.0020911628843279,Pattern_1
GGTATTGGTAGCTTGT-2,0.0705007745943016,-0.0846657822720912,0.179084285995873,Pattern_8
GGTGAAGTCTTGAGAC-2,0.340192340276462,0.365919085298504,-0.234567246548077,Pattern_2
GTAGGCCAGAAGATTC-2,0.120504050681666,0.0092571284931386,0.0086956154014659,Pattern_1
GTAGGCCCACGCATCG-2,-0.0896967187295701,-0.13233845108491,0.305814612827049,Pattern_8
GTAGTCATCCGTAGTA-2,0.18262078658634,0.331256192900531,0.0053596270862542,Pattern_2
GTCAAGTTCACGACTA-2,0.236596152177824,0.468650326012676,-0.213148185069215,Pattern_2
GTCACAACATCAGTCA-2,0.418456283977972,0.402020837537974,-0.184936996932215,Pattern_1
GTCACAAGTCCGAACC-2,0.0868029888937157,0.0698418142762296,0.0903547517981204,Pattern_8
GTCTTCGGTGCACCAC-2,0.0797646408325081,0.156031031960444,0.200479304181432,Pattern_8
GTGCATACATGTCGAT-2,0.21288794249255,0.171837728720175,0.102009859526266,Pattern_1
GTGCATAGTAGCTAAA-2,-0.0447013765650622,-0.004373052671427,0.186223913471513,Pattern_8
GTGGGTCAGACCTTTG-2,-0.229999410767342,-0.0993010934968476,0.333913486331686,Pattern_8
GTGGGTCTCTAACTGG-2,0.325037743511463,0.282286854569465,-0.0935597496502474,Pattern_1
GTTACAGAGAGTGAGA-2,0.0775456790614588,0.30042523976949,0.0132531979458341,Pattern_2
GTTACAGGTCAATGTC-2,-0.124854615472587,0.024911476448936,0.0503673746808165,Pattern_8
GTTTCTATCATCACCC-2,-0.0502063651958362,-0.108964224775015,0.294527728061277,Pattern_8
TAAGAGATCGCGTTTC-2,0.2995386206102,0.200272271281117,-0.0094763218910809,Pattern_1
TAAGCGTGTCAAACTC-2,0.287736624366067,0.268918786737475,-0.0515870327304864,Pattern_1
TACCTATAGGGCTTCC-2,0.451641506760417,0.26853990804541,-0.0338077757702627,Pattern_1
TACCTTACAAGCCTAT-2,0.0916724926566908,-0.0415692282854903,0.129634996990121,Pattern_8
TACGGATAGGAGTACC-2,0.408288100979199,0.30978086361007,-0.11636642998839,Pattern_1
TACGGGCCACGTCTCT-2,0.161954401927047,0.428889828788378,-0.147466748839666,Pattern_2
TACGGTACAGCGTAAG-2,0.0263017046625232,-0.124507871309055,0.30301211397718,Pattern_8
TACTCATAGGGTCTCC-2,0.192460173304142,0.271140651987331,-0.105001477500807,Pattern_2
TACTCATCATGCCACG-2,0.0667355675976511,-0.140474774181749,0.265287643095271,Pattern_8
TACTCGCGTATCACCA-2,0.37237960209628,0.314057146783901,-0.0644729927848917,Pattern_1
TAGACCAAGAAACCAT-2,0.120365431737605,-0.0290748204177034,0.174071544443398,Pattern_8
TAGAGCTTCCTGCAGG-2,0.379647018647881,0.384747292286601,-0.146514441776139,Pattern_2
TAGGCATAGCTAGGCA-2,0.0322439138923667,0.48682701975692,-0.226018190202617,Pattern_2
TATCAGGGTAAGAGGA-2,-0.1944394528569,-0.0648928237519374,0.259080592437184,Pattern_8
TATCAGGTCATAACCG-2,0.301875392853254,0.278714473026652,0.0075252092394341,Pattern_1
TATCTCAAGATCCGAG-2,0.119650028630702,-0.128337539776033,0.175845386883287,Pattern_8
TATCTCAAGGCGCTCT-2,-0.168126025619534,-0.162290557142807,0.382382577165923,Pattern_8
TATTACCAGCACACAG-2,-0.148996153574438,-0.0276565822978939,0.130999593224873,Pattern_8
TCACGAATCCGCGCAA-2,0.388488019494389,0.451965255327214,-0.145260506592351,Pattern_2
TCAGATGAGTGCCATT-2,-0.0880197339123632,-0.156320335748614,0.345750026334896,Pattern_8
TCATTTGGTGTGGTTT-2,0.342033955893596,0.391279896359717,-0.148937859434351,Pattern_2
TCCCGATTCTGCCCTA-2,0.290307372691878,0.370401399680638,-0.174827213167708,Pattern_2
TCGCGAGAGCGGATCA-2,-0.0161740858507181,-0.0345200497104536,0.109779054232189,Pattern_8
TCGCGTTGTAGAGTGC-2,0.0502524419095812,0.245971670568772,0.0530079759767216,Pattern_2
TCGTACCGTTGAACTC-2,0.152415213612848,0.389007301999868,-0.127800393648282,Pattern_2
TCGTAGATCACAGTAC-2,0.11660480203158,0.0171377155677915,0.122837091793473,Pattern_8
TCTCTAAAGATACACA-2,-0.0757501302968969,-0.0760349491112572,0.1747719821403,Pattern_8
TCTGGAATCACCCGAG-2,0.327733283983885,0.290932547653139,-0.186362612576841,Pattern_1
TCTTTCCCAGACTCGC-2,0.263008480810512,0.329605745840548,0.0307389135787802,Pattern_2
TGACTAGTCTTTAGGG-2,0.0920021838755023,0.248578959364506,-0.0685260725662112,Pattern_2
TGAGAGGGTCTCATCC-2,0.024699075870625,-0.0312709390209424,0.157675852230467,Pattern_8
TGAGAGGGTTCAGTAC-2,0.403215196500469,0.352875091164744,-0.0965211794175173,Pattern_1
TGAGAGGGTTTGCATG-2,-0.135230996843162,-0.149303155153472,0.397388354881635,Pattern_8
TGAGCATCACCAGCAC-2,-0.0431527147461835,-0.183885012278585,0.312950485053643,Pattern_8
TGAGCATGTAGCACGA-2,0.0538431128346939,0.236048003054184,0.0434393537756551,Pattern_2
TGAGCATGTTGTCGCG-2,0.130576023988673,0.340742430822736,0.0306776206529999,Pattern_2
TGAGCCGTCGGATGGA-2,0.321375525880133,0.297807901993936,-0.136559469381901,Pattern_1
TGCCCATCAAGCGCTC-2,0.110387627272173,0.161544323382933,0.125499519761033,Pattern_2
TGGCGCAAGGATCGCA-2,0.356459692674009,0.283876019889607,-0.182631507470297,Pattern_1
TGGGAAGTCGTATCAG-2,-0.199234898976185,-0.0787507723488163,0.192665809233928,Pattern_8
TGGGCGTAGTGCAAGC-2,0.347499034507401,0.192044384070815,-0.0138554903838808,Pattern_1
TGGGCGTCAGGAATGC-2,0.0780063123815425,0.483996765310765,-0.235112951470768,Pattern_2
TGGTTCCGTGATGATA-2,0.124134213077958,0.487273201707296,-0.239800608795206,Pattern_2
TGTGTTTTCGTAGATC-2,0.0634869628025816,0.0242586029345291,0.211061547165008,Pattern_8
TTAGTTCGTAAGTGGC-2,0.0645190128102312,-0.105729613516192,0.25003476891824,Pattern_8
TTCGAAGAGTACTTGC-2,0.3152569957952,0.412610057912127,-0.197592993834838,Pattern_2
TTCGGTCGTATAGGTA-2,0.286790441405058,0.39532362503962,-0.201423973407656,Pattern_2
TTCTCAATCCAAACTG-2,0.315865509366089,0.398201661568782,-0.14646035883842,Pattern_2
TTCTTAGAGATCGATA-2,-0.0339734635666222,-0.0676867005879604,0.0591381341032328,Pattern_8
TTGGAACAGTCAAGGC-2,0.308353504107379,0.33369565857606,-0.136612670743998,Pattern_2
TTGGCAAGTAAGGGAA-2,0.166990683399005,0.0813416464993989,0.144659490737309,Pattern_1
TTTACTGCACCTCGGA-2,0.288065787433269,0.189072274170851,0.0324596994063672,Pattern_1
TTTACTGGTTGATTCG-2,0.349722096325337,0.0771773513642931,0.171582933049464,Pattern_1
TTTGTCACATTACGAC-2,0.230351246733195,0.261831124874359,0.0498640691465475,Pattern_2
